Event_ID,Place_ID,Event_Name,Event_Date,Description
1,2,Robust directional adapter,2024-07-23,Forward pass southern. Response try such food against only. Similar suffer team whether.
2,2,Visionary non-volatile alliance,2024-03-11,Result answer just information. This manage her national.
3,1,Down-sized homogeneous complexity,2024-10-11,Walk within full world throw relate issue. Parent its approach former.
4,4,Business-focused high-level ability,2024-06-15,Station person lose best deal. With list break size likely.
5,5,Future-proofed non-volatile approach,2024-02-28,Property space including series. Network subject stand industry movement.
6,3,Self-enabling client-server policy,2024-04-10,Truth relate ever. Measure play buy air head order concern. Only glass clear thus see read expect.
7,1,Advanced directional extranet,2024-08-24,Interest heavy give edge level. Station however bill memory production successful hear.
8,4,Mandatory uniform structure,2024-03-27,Inside thought he one less. Like term on want.
9,3,Persevering client-server functionalities,2024-11-30,Maintain piece computer play. Later decide similar.
10,2,Ameliorated systematic ability,2024-08-31,Really general can himself open. Assume animal way lay.
11,2,Function-based zero administration monitoring,2024-08-30,Yes product president after ready indicate herself natural.
12,3,Proactive dedicated portal,2024-03-18,Win group important civil nature travel read. Former able public trade structure protect chance.
13,1,Implemented high-level website,2024-09-19,Structure ready long instead though. Both receive around wall. Billion treat lot notice.
14,2,Visionary value-added orchestration,2024-10-08,Blue increase unit study open sign. Leader operation mean white above save network.
15,5,Innovative tangible neural-net,2024-11-30,There institution actually blood herself. Prove customer seek. Worker raise chair artist.
16,3,Synchronized actuating implementation,2024-05-30,American evidence enough claim suffer accept. Report choice child follow anything usually past.
17,3,Implemented didactic system engine,2024-08-28,Fast prepare fly. Way cold what Mrs. Phone decision picture.
18,2,Cross-group asynchronous application,2024-03-10,Audience start treat imagine later identify first. Pull movement political peace series one.
19,1,Quality-focused explicit productivity,2024-02-25,Whatever action themselves center among of. Mr water fight security tough gas.
20,5,Multi-channeled clear-thinking secured line,2024-09-11,Expect attorney cover magazine. Pattern figure once not hair first.
21,1,Devolved national customer loyalty,2024-04-12,She travel base our myself election accept. Official brother according.
22,4,Multi-layered next generation open architecture,2024-07-06,Officer similar huge catch tell. Security land record class.
23,4,Right-sized intermediate array,2024-01-25,He participant right us husband. Expert white arm similar compare manager action.
24,2,Reverse-engineered dedicated model,2024-01-06,Near risk next on. White everybody paper create upon offer.
25,2,Re-engineered eco-centric solution,2024-06-20,Turn put professional pass. When summer he firm together thing off.
26,2,Decentralized tangible model,2024-06-27,Conference capital office direction between establish dog. Task cultural son school list act.
27,4,Monitored systematic portal,2024-03-18,As these nature ago. Model you billion peace base use.
28,1,Reverse-engineered radical knowledgebase,2024-09-02,Possible mother especially could attention. Face PM pay evening.
29,1,Decentralized zero administration structure,2024-04-06,East yes current same behind program. List race fine follow pick. Seat near business.
30,2,Distributed holistic throughput,2024-02-04,Matter rather full wide. Art green child movie blue maintain first next.
31,5,Fundamental needs-based hierarchy,2024-06-25,Here control affect task simply draw return.
32,1,Pre-emptive multi-tasking process improvement,2024-09-29,Your kitchen good firm yard foot he. Step food drive nation heart nearly.
33,4,Team-oriented even-keeled neural-net,2024-07-17,Unit choice also green catch happen old. Eight feel now notice design. Rich society common stay.
34,3,Advanced scalable time-frame,2024-09-02,Fight American music. Force recently check purpose. Wife send offer bed it skill.
35,3,Realigned dedicated matrix,2024-06-02,Deep national seek nature performance yeah reason. Heavy town money.
36,3,Ameliorated explicit projection,2024-05-30,Meet report tough machine others because. May leader unit again easy.
37,5,Mandatory hybrid protocol,2024-02-23,Minute question their rather individual of. Wife travel forget my deal catch.
38,2,Open-source incremental framework,2024-06-21,Single blood continue several. Pay paper partner others discuss ago bag sister.
39,4,User-friendly static customer loyalty,2024-10-21,Computer western keep pay. Term thought into simply part station.
40,5,Business-focused content-based frame,2024-06-19,Not process change than condition Republican. Final role which eye Congress together.
41,4,Configurable radical policy,2024-01-03,Everything pick star debate continue area give. Take project study fear.
42,4,Persevering value-added paradigm,2024-05-19,Shoulder follow today star.
43,2,Re-engineered regional help-desk,2024-02-20,Quality car right least require mission about. Reach organization beautiful.
44,3,Diverse even-keeled budgetary management,2024-01-06,Issue woman note garden reason community prove school. Student boy other foot best knowledge final.
45,2,Implemented human-resource pricing structure,2024-08-12,Day theory feel some quickly. Response trip wrong old particularly member. System artist too whose.
46,5,Intuitive transitional implementation,2024-06-06,Safe inside whether sometimes eye along type. Risk nor article list college. Prevent factor say.
47,5,Seamless even-keeled focus group,2024-11-29,Scientist page travel. Process have compare site.
48,5,Monitored actuating project,2024-04-12,Cold human feeling. Do raise hope enjoy most itself eye.
49,2,Enterprise-wide foreground neural-net,2024-01-05,"Activity best billion land.
Edge alone people arm order. Wear point remain build task."
50,4,Visionary interactive solution,2024-09-16,Movement which ball least short possible. Never whose produce federal.
