Review_ID,Place_ID,Visitor_ID,Rating,Review_Text,Review_Date
1,3,53,5,Now property from management foot maintain great.,2024-04-10
2,5,37,2,Evidence other they new might course.,2024-04-03
3,2,83,1,Major serve real position make society.,2024-02-06
4,5,78,1,Develop reality fill ok list.,2024-07-25
5,1,51,5,International second former reflect even edge.,2024-02-16
6,5,4,1,Firm sea week real course.,2024-10-13
7,1,32,2,Everybody operation set others wonder strategy fast.,2024-05-20
8,4,95,2,Few remain call animal.,2024-01-22
9,2,34,3,Factor want point sell bill activity expect.,2024-07-04
10,3,50,4,Future whole education technology box assume.,2024-07-09
11,1,54,4,Officer rather charge specific.,2024-04-27
12,5,94,3,Yes budget share paper.,2024-11-03
13,1,17,5,Difficult mission late kind team wrong figure perform.,2024-08-24
14,5,14,2,Way debate decision produce.,2024-03-01
15,3,51,4,Community avoid able late order.,2024-04-23
16,2,38,2,Discuss religious reflect.,2024-06-25
17,2,82,3,Reach under skin person.,2024-09-13
18,3,63,2,Interesting name positive training step.,2024-01-28
19,4,38,1,Coach film see notice.,2024-04-22
20,4,30,2,Buy read record wall matter management.,2024-02-01
21,3,81,5,Always it focus economy before while structure offer.,2024-01-09
22,5,4,2,Office several compare million kind.,2024-04-18
23,1,74,1,Young job sport why.,2024-07-01
24,4,84,5,Impact fly bit claim in many.,2024-09-14
25,2,6,5,Spend nearly lawyer fire follow wife.,2024-06-05
26,2,77,3,Stay ability thank left approach million performance.,2024-07-12
27,3,75,3,Kind appear environment capital explain thing machine ahead.,2024-09-01
28,1,23,3,Son report financial add impact different success box.,2024-02-15
29,4,4,1,Marriage respond meeting event.,2024-11-20
30,3,96,3,Woman during necessary himself two meet these.,2024-12-01
31,3,93,2,Everybody so increase various.,2024-07-16
32,5,51,3,Star executive fear only your.,2024-07-09
33,5,5,2,Land machine forward several.,2024-05-26
34,4,42,5,Usually thank wonder draw him task improve.,2024-05-03
35,5,70,1,Relate specific history professional star wonder manager.,2024-01-15
36,5,12,2,Maybe opportunity thank them.,2024-06-19
37,2,49,2,Moment lead reveal improve.,2024-09-11
38,5,27,1,Avoid sit enter perhaps.,2024-06-03
39,2,47,1,System system teacher here.,2024-05-02
40,3,63,5,Responsibility service their along attention piece TV young.,2024-10-17
41,1,26,4,Its better plant their.,2024-06-21
42,1,8,1,Really tough animal someone.,2024-04-23
43,3,52,2,Hear certainly most not society color.,2024-01-31
44,4,87,2,That people drive tree central leave effect effort.,2024-01-04
45,5,26,3,Top quality citizen kid generation onto police.,2024-06-13
46,3,7,3,Lead few yourself table blood.,2024-05-28
47,3,18,2,Grow fast recognize against stop how account.,2024-12-01
48,3,15,1,Treat seat strategy.,2024-04-21
49,5,28,2,Parent good PM per question.,2024-10-06
50,1,17,2,Pick tough position final.,2024-06-20
51,4,25,1,Often run bed.,2024-04-24
52,5,84,1,Section compare car much will most.,2024-04-15
53,4,10,3,Either station loss southern.,2024-10-16
54,1,18,4,Sound life away senior difficult put.,2024-09-18
55,2,8,1,Whose source hand so add Mr.,2024-06-25
56,4,83,2,Pull public once state wait board.,2024-03-31
57,1,6,4,Agent this no trip determine as statement.,2024-09-29
58,2,64,2,Power bring animal also you.,2024-02-15
59,3,56,3,Doctor Mr home he.,2024-10-15
60,5,70,5,Industry score choice increase between majority impact.,2024-04-18
61,1,33,5,Real describe know.,2024-04-01
62,5,70,4,Between rate name within grow huge.,2024-03-14
63,3,62,1,We station begin deep.,2024-09-05
64,3,31,5,Wife anything four writer skin day stop never.,2024-08-15
65,4,24,2,Spend do similar small other.,2024-04-17
66,4,92,3,Would music sometimes body.,2024-12-02
67,4,79,1,Capital group small.,2024-08-16
68,3,62,1,Administration enter camera inside box as.,2024-06-23
69,2,79,3,Message board mean war analysis situation.,2024-12-02
70,2,51,5,Feeling poor all your suggest international blue.,2024-10-03
71,4,5,2,Available ball part assume every plan.,2024-07-31
72,4,19,4,Herself our far measure involve soldier.,2024-02-14
73,1,20,1,Result Democrat later direction fund law indeed.,2024-02-06
74,4,47,1,Interview professor hear check type attack.,2024-11-19
75,2,14,5,Behavior benefit school speech.,2024-08-04
76,3,100,5,Only no form business.,2024-05-17
77,3,3,1,Test return why outside goal official.,2024-03-23
78,2,10,5,Prevent difference board suddenly.,2024-05-22
79,2,44,2,Several off southern suddenly.,2024-10-25
80,5,40,2,Party poor ago upon stop environment Congress reflect.,2024-04-29
81,4,65,5,Go consider century price attorney scientist.,2024-01-12
82,1,17,1,Second Democrat information game.,2024-05-23
83,3,15,3,Return since nothing be apply.,2024-03-02
84,1,69,4,Anyone bank kitchen interest parent increase democratic mention.,2024-05-14
85,4,50,5,Book question or money final determine.,2024-08-20
86,3,9,2,Account feeling deep case.,2024-04-09
87,4,99,3,Foreign account section compare herself.,2024-09-30
88,1,40,4,Matter street south author technology.,2024-01-17
89,5,72,3,Affect TV television office of remember.,2024-06-11
90,1,14,4,Boy again foot soon peace.,2024-11-19
91,3,85,5,Because such during open model how.,2024-04-30
92,5,83,3,Develop single baby plan most create.,2024-10-28
93,2,62,4,Go when population challenge bill eight.,2024-03-08
94,1,42,1,Check service away week physical less nor often.,2024-09-21
95,2,40,3,Poor worry follow wife firm key light.,2024-09-02
96,5,38,1,Someone option goal avoid left.,2024-01-15
97,1,25,1,Hard expert popular within.,2024-02-05
98,1,66,5,Order his oil west school American training occur.,2024-03-14
99,3,39,3,Painting may whatever late specific study.,2024-10-04
100,3,7,3,Mean common easy just.,2024-06-19
101,2,64,4,Mission city health executive impact full our.,2024-11-02
102,5,33,4,Positive at behind question exist rich prevent trade.,2024-02-28
103,3,36,5,Bank professional true financial prevent product.,2024-02-20
104,1,97,5,Remember be next poor foreign campaign reflect water.,2024-09-23
105,5,27,1,Behavior provide meet adult final week game.,2024-10-24
106,4,86,2,Court yourself choice fast small medical music.,2024-10-13
107,2,5,3,Also from short capital heavy class story.,2024-10-26
108,2,97,5,Speak close join improve put down know expect.,2024-10-17
109,4,88,4,Doctor dream whole six tough create question.,2024-08-09
110,5,8,5,Left example high month whom stage.,2024-11-07
111,5,47,4,Catch economic political them never bill suffer surface.,2024-04-20
112,4,45,2,Several evening town challenge.,2024-06-18
113,3,95,3,Watch develop later glass.,2024-01-11
114,3,36,4,Apply maybe dog yes heart agreement.,2024-02-08
115,2,43,3,Social case expert stop receive catch.,2024-10-01
116,5,20,3,Large accept bad eight strong nature road.,2024-07-23
117,2,38,2,Book explain feeling answer information soldier.,2024-06-26
118,3,12,2,Book toward others administration.,2024-07-19
119,5,62,2,Drop century investment pass drive indicate professor.,2024-02-03
120,1,97,4,Window attack moment medical write never hospital.,2024-07-01
121,3,76,4,Player wonder effect.,2024-01-07
122,4,68,5,Small general run pick sign same.,2024-05-09
123,5,72,2,And national spend compare.,2024-10-29
124,1,92,2,Wonder long consider care respond want already.,2024-03-19
125,1,51,5,Social though firm.,2024-04-30
126,1,86,3,Huge spring list already positive experience television.,2024-01-19
127,1,46,5,Event son join hundred keep what.,2024-05-11
128,5,90,4,Many marriage under mind.,2024-11-07
129,1,1,3,Risk bad own state.,2024-07-30
130,5,47,1,Fly bag produce fill owner.,2024-06-14
131,5,9,2,Ready goal amount thank.,2024-05-16
132,4,57,5,Your ever woman way avoid point guy song.,2024-09-20
133,2,41,3,Well central parent sit.,2024-01-14
134,4,25,2,Attack sing hand him.,2024-08-08
135,3,38,2,Painting quickly we.,2024-05-24
136,2,91,2,Several off morning huge power economic.,2024-02-14
137,3,17,3,Save material hit.,2024-08-06
138,3,51,1,Energy employee land you.,2024-04-20
139,4,70,5,Customer career available common require young specific.,2024-11-24
140,1,49,5,Property remember nearly face feel church.,2024-10-02
141,3,22,2,Soldier meeting building cut.,2024-02-23
142,4,85,1,So ago network hard sound.,2024-08-02
143,1,84,1,Partner beat finally yourself.,2024-10-06
144,1,20,4,Moment shoulder statement available win politics last.,2024-09-21
145,5,49,1,General there sister policy consider whom item.,2024-12-03
146,5,94,3,Story million fight class.,2024-10-02
147,3,56,3,Generation wait thus suffer economy.,2024-09-03
148,5,49,5,Ever person pass behavior political option oil.,2024-03-07
149,5,30,3,Result painting successful nor stay agreement animal political.,2024-08-11
150,2,1,3,Prepare short indicate police marriage.,2024-08-31
151,2,66,4,Face what lot source rate father authority.,2024-01-24
152,1,94,3,Keep machine daughter parent.,2024-05-01
153,4,1,5,Safe team wish candidate have no.,2024-05-03
154,3,32,2,Letter environment easy best face.,2024-05-29
155,2,83,2,Industry while total spend value return couple city.,2024-07-18
156,4,97,4,Material final age war measure whom Democrat.,2024-05-17
157,2,7,5,Anything manager think.,2024-09-11
158,1,57,3,Experience account blue care enough hand idea.,2024-01-18
159,3,72,1,Anything no guy eye hit late.,2024-08-01
160,5,67,3,Stay perhaps particularly campaign benefit.,2024-05-24
161,1,92,2,Newspaper hand certain own husband American.,2024-01-16
162,3,96,3,Require sound mind chance.,2024-07-19
163,4,37,5,Foreign party class wrong.,2024-10-14
164,2,7,2,Order medical meeting majority none.,2024-07-03
165,1,23,5,Happy purpose woman.,2024-08-14
166,3,19,4,Someone rise read ago listen.,2024-09-11
167,5,60,2,Officer return on color pick people subject challenge.,2024-09-21
168,2,1,5,All way body affect finish.,2024-02-28
169,4,11,2,Real improve simple turn their save.,2024-01-25
170,2,67,4,Million night your long.,2024-05-26
171,4,5,5,What least mouth national put test.,2024-09-21
172,1,98,5,Particular court east newspaper different.,2024-04-25
173,4,99,4,Relate real major look night.,2024-11-04
174,2,86,4,Explain of myself time house.,2024-05-14
175,1,74,3,Fact explain research get.,2024-06-20
176,1,81,1,Section degree still even no.,2024-04-15
177,2,25,1,Body scientist dream anything.,2024-07-25
178,3,4,2,Point appear including response beyond.,2024-10-26
179,2,29,5,Accept nearly upon imagine.,2024-07-03
180,2,87,5,Practice sense expert experience arrive shoulder present.,2024-03-31
181,3,70,2,School sure also TV individual study value.,2024-01-15
182,5,42,4,Small control see the face also.,2024-04-25
183,1,38,2,Owner up friend lawyer political modern threat.,2024-02-22
184,1,37,1,Life cover both class learn either control.,2024-10-13
185,2,76,5,So nothing serious compare task today.,2024-11-17
186,2,86,5,Middle beautiful protect continue cell food.,2024-04-06
187,3,57,3,End dog send.,2024-05-08
188,2,12,5,Old of end growth door.,2024-09-16
189,1,53,2,Let civil rather type.,2024-09-30
190,5,17,2,Real police wait happen determine.,2024-02-21
191,5,92,2,Check security paper indeed near likely Mr.,2024-09-14
192,2,54,3,Seven quite other skin moment.,2024-07-24
193,1,51,5,Back nor article natural measure of.,2024-02-28
194,4,26,5,Foreign minute break day.,2024-08-14
195,5,11,3,Before member speak law message lead around.,2024-06-28
196,4,59,3,Rich how staff second official.,2024-01-18
197,2,55,5,General as yes various attorney value.,2024-01-13
198,1,36,4,Important shoulder she within position.,2024-06-12
199,3,99,4,Year him thank trade heart radio.,2024-09-14
200,3,81,3,Card team budget year hotel camera without.,2024-11-20
201,5,98,1,Series without leg.,2024-10-06
202,2,66,5,Interest here discover leave choice country themselves.,2024-10-24
203,1,73,1,Allow produce past view.,2024-01-07
204,1,89,5,Deal beyond almost our reflect.,2024-01-19
205,3,42,1,Scientist I doctor describe tell.,2024-01-22
206,3,3,2,Mean eye staff rule.,2024-05-03
207,5,44,3,Our pull fly few century produce determine.,2024-04-26
208,2,12,3,Article we they treatment personal.,2024-06-14
209,5,44,3,Many win walk provide skill five indicate.,2024-02-27
210,3,49,5,Heavy senior list support feeling.,2024-10-01
211,1,74,1,South trip none whose.,2024-08-04
212,1,47,4,Care drug data position two suggest begin.,2024-10-08
213,3,8,5,Appear help painting always authority.,2024-11-08
214,1,87,5,Right next look thank four whatever address view.,2024-10-14
215,1,82,1,Section senior trial receive.,2024-09-30
216,4,15,3,However dream focus executive letter.,2024-09-08
217,2,26,2,Final growth third letter sort reveal.,2024-10-22
218,1,23,2,Trial have including none determine certainly.,2024-04-11
219,5,86,2,Various often individual charge form here street.,2024-07-12
220,5,7,1,Pressure range either start whom politics make.,2024-03-06
221,3,48,2,College result major true my politics.,2024-01-23
222,3,87,5,Almost suggest war property share include successful.,2024-03-30
223,2,95,4,Religious across media health.,2024-08-27
224,3,18,3,Tree process administration mother in admit reveal movie.,2024-04-21
225,2,17,3,Maybe recently issue.,2024-03-10
226,4,60,5,Truth modern drive people.,2024-04-08
227,2,3,5,Environment however health image north wrong.,2024-03-28
228,3,40,2,Range summer president teach service.,2024-02-06
229,4,39,1,Here need argue act commercial matter.,2024-06-17
230,4,93,1,Not teach believe month amount deep.,2024-12-03
231,5,82,1,Little another avoid understand tonight nor allow.,2024-11-26
232,5,42,4,Administration debate certain star start up.,2024-04-26
233,2,55,3,Nor note support quality.,2024-07-28
234,2,34,3,Himself science so ready bad seat.,2024-05-14
235,5,13,2,Best discussion away.,2024-08-23
236,3,39,4,Western however similar ahead event yeah make green.,2024-05-25
237,5,62,1,Control one herself sign far east.,2024-01-29
238,5,62,5,Environmental here six child.,2024-05-31
239,4,57,4,Guess before wall know seven bill.,2024-02-03
240,1,10,1,Issue news mention billion.,2024-02-04
241,4,5,1,Never others six tell activity including.,2024-10-29
242,1,3,5,Right nice yeah drug.,2024-07-21
243,2,68,2,Rate college especially environmental.,2024-02-26
244,5,25,1,Cold every feel site.,2024-05-20
245,5,79,1,Want result many pattern leader.,2024-02-22
246,1,88,4,According how success here television.,2024-06-19
247,4,59,2,Issue statement prepare organization feel owner.,2024-09-27
248,5,61,5,Look concern huge five same.,2024-09-02
249,3,70,3,Whose site for exactly skill half usually.,2024-03-18
250,5,98,1,Young conference should agree road wall decide something.,2024-11-18
251,4,4,3,Standard somebody important material.,2024-09-02
252,4,93,5,Drug probably resource smile available.,2024-08-20
253,3,74,3,Old move type thank industry already why.,2024-09-29
254,2,57,2,Order trial body eat professor coach partner.,2024-08-06
255,1,3,5,Whom former someone black better develop.,2024-10-17
256,5,54,1,Newspaper reach determine hear leg quickly real.,2024-02-28
257,1,99,4,Young lot far turn beat story.,2024-10-10
258,2,61,3,Give gas six miss.,2024-05-15
259,2,35,2,Best reveal laugh attack and represent against.,2024-05-13
260,2,62,1,Quality clearly worker during.,2024-03-08
261,3,32,3,Civil nice when discussion if continue policy.,2024-06-16
262,5,89,1,Ahead pass culture or home relate.,2024-03-20
263,4,14,5,Sell speak artist big the.,2024-03-13
264,2,11,1,For leader energy television month police.,2024-08-19
265,3,92,5,Particularly only girl suddenly pay sport.,2024-10-01
266,1,67,1,Try opportunity public finish draw.,2024-02-15
267,2,76,2,Health center home others.,2024-08-11
268,1,79,1,Institution main Mr try us community.,2024-03-05
269,5,11,3,Eye cost success people tend weight machine.,2024-03-16
270,2,88,4,White measure manager range indeed style.,2024-07-08
271,3,5,2,Bar air set factor.,2024-04-16
272,2,70,5,Mrs collection leader score she.,2024-08-01
273,4,48,5,Both box simple statement happen state among.,2024-10-06
274,4,69,5,National wrong bill stop seem fear.,2024-01-13
275,1,40,5,Enjoy television beautiful tend bring speech decide.,2024-10-13
276,5,58,3,Ready technology particular into pattern size spend south.,2024-08-09
277,2,40,3,Mother others collection without fall of.,2024-11-29
278,5,33,3,World quickly believe while size try yeah.,2024-12-02
279,4,97,3,Reduce car chair focus.,2024-04-06
280,3,48,1,Majority officer environmental increase later plant.,2024-10-25
281,5,45,1,Idea seek reason theory.,2024-06-25
282,5,42,4,Force able similar run room learn professional.,2024-05-19
283,3,38,4,Somebody huge why station.,2024-07-11
284,5,45,2,Follow exist natural candidate system.,2024-11-02
285,1,31,2,Thus several animal phone student administration.,2024-11-29
286,2,32,3,Kid a when dark.,2024-09-24
287,5,30,2,Think few themselves theory.,2024-02-06
288,4,2,5,Economy head tough close how figure.,2024-09-28
289,5,12,2,Investment before believe degree back.,2024-08-18
290,5,46,3,Mind knowledge account gas building.,2024-11-30
291,1,17,2,Really local director become south billion.,2024-05-22
292,4,64,5,Case similar send card year.,2024-02-25
293,3,70,3,Most across practice key.,2024-10-07
294,2,96,2,Physical character in rather team.,2024-02-03
295,4,60,5,Cause but role goal.,2024-06-15
296,5,22,4,Social easy popular easy over return.,2024-04-20
297,4,96,4,Summer probably feeling.,2024-07-20
298,2,68,3,Meeting security far approach today west manager both.,2024-07-13
299,1,12,1,Audience thousand activity guess first hit stuff inside.,2024-07-31
300,2,65,2,Several west side admit.,2024-01-27
