Visitor_ID,Name,Country,Age,Gender
1,Allison Hill,Czech Republic,53,Female
2,Brian Yang,Mauritius,41,Male
3,Javier Johnson,Cuba,39,Male
4,Lance Hoffman,Saint Barthelemy,19,Female
5,Kimberly Robinson,Myanmar,47,Female
6,Sean Blake,Cayman Islands,19,Female
7,Gina Moore,Serbia,38,Male
8,Brandon Davis,Tanzania,29,Female
9,Dennis Williams,Kuwait,39,Male
10,Valerie Gray,Mexico,42,Male
11,Mark Mcclure,Guyana,44,Male
12,Michele Williams,Denmark,59,Female
13,Victoria Wyatt,Tonga,45,Female
14,Donald Reid,Haiti,33,Male
15,Henry Santiago,Reunion,20,Male
16,Maria Lynch,Chile,24,Male
17,Danielle Ford,Faroe Islands,26,Male
18,Margaret Hawkins DDS,Tajikistan,35,Female
19,Amy Underwood,Sri Lanka,42,Female
20,Derek Clark,Western Sahara,31,Female
21,Michelle Lewis,Luxembourg,26,Female
22,Thomas Ellis,Estonia,19,Female
23,Patrick Ryan,San Marino,45,Male
24,Stephanie Ross,Cyprus,24,Female
25,Brenda Snyder PhD,Tokelau,25,Male
26,Mark Conner,Jamaica,52,Female
27,Janice Carlson,Lao People's Democratic Republic,34,Female
28,Tricia Valencia,Algeria,57,Female
29,Ashley Dyer,Sao Tome and Principe,19,Female
30,Martin Rodriguez,Jordan,23,Female
31,Aaron Bowen,Saint Helena,59,Female
32,Jonathan White,United States Minor Outlying Islands,46,Male
33,Mario Skinner,Macedonia,35,Female
34,Brittany Farmer,Mauritania,51,Female
35,Tammy Sellers,Nepal,53,Female
36,Alec Hickman,Turkey,48,Female
37,Dr. Cynthia Allen,Mongolia,32,Female
38,Angelica Tucker,Bangladesh,31,Male
39,Kim Martinez,Palestinian Territory,57,Male
40,Joshua Baker,Tunisia,33,Male
41,Tracey Hickman,Saudi Arabia,35,Male
42,Christina Collins,Paraguay,41,Female
43,Jessica Holmes,British Indian Ocean Territory (Chagos Archipelago),42,Female
44,Austin Smith,Mexico,58,Male
45,Daniel Jones,Niue,32,Male
46,Austin Johnson,Greenland,18,Male
47,David Caldwell,Croatia,24,Male
48,Miranda Khan,Montserrat,41,Male
49,Richard Aguirre,Comoros,25,Female
50,Matthew Gomez,Isle of Man,28,Male
51,Nicholas Nunez,Oman,34,Female
52,James Morgan,Tokelau,52,Male
53,Corey Herrera,Burundi,50,Male
54,Donald Wright,Uzbekistan,22,Female
55,Robert Chase,Bolivia,56,Female
56,Zachary Huff,Bermuda,58,Female
57,Sarah Martin,Libyan Arab Jamahiriya,24,Male
58,Dr. Steven Martin,Afghanistan,25,Female
59,Mrs. Rachel Gibson,Jamaica,51,Male
60,Monica Logan,Panama,40,Female
61,Brittney Phillips,Azerbaijan,41,Male
62,Kimberly Adkins,Azerbaijan,52,Female
63,John Calhoun,Malta,57,Female
64,Tyler Miller,Colombia,44,Male
65,Barry Hensley,Iraq,18,Male
66,Steve Sanchez,Nauru,54,Male
67,Bradley Sandoval,Monaco,31,Male
68,Taylor Harris,Saint Barthelemy,18,Male
69,Derek Anderson,Oman,43,Male
70,Eugene Walton,Barbados,31,Male
71,Marc Hart,Bolivia,44,Male
72,Daniel Baker,Venezuela,32,Male
73,Benjamin Sanchez,Finland,43,Female
74,Roy Warner,New Caledonia,30,Male
75,Dr. Kendra Contreras,Mexico,49,Male
76,Matthew Mcmillan,Burkina Faso,49,Female
77,Steve Newton,Cape Verde,47,Male
78,Larry Robbins,Costa Rica,40,Male
79,Sarah Wagner,El Salvador,32,Male
80,Sarah Davis,Jamaica,46,Female
81,Amanda Cook,Bulgaria,30,Female
82,Deborah Figueroa,Mexico,24,Male
83,Kristina Rodriguez,Western Sahara,39,Female
84,Stephanie Gardner,Syrian Arab Republic,19,Female
85,Juan Jordan,Armenia,23,Female
86,Steven Flynn,Tokelau,45,Female
87,Hunter Fleming,Papua New Guinea,37,Female
88,Richard Henson,Ireland,28,Female
89,Nicole Frost,Dominica,45,Male
90,Vanessa Cochran,Turkmenistan,56,Female
91,Christopher Middleton,Slovenia,50,Male
92,Rebekah Shields,Sudan,44,Female
93,Christopher Haynes,Hong Kong,30,Male
94,Shannon Walker,Svalbard & Jan Mayen Islands,20,Male
95,Hannah Hoover,Tunisia,23,Female
96,Alexander Lee,Greenland,44,Male
97,Benjamin Ayala,Guernsey,54,Male
98,Jennifer Zavala,Martinique,59,Female
99,Alexander Wiley,Eritrea,41,Male
100,Victor Baker,Botswana,49,Female
